date,month,title,language,type,platform_or_distributor,details,source,source_url
2026-05-01,May,An Autumn Summer,English,Movie,Blue Harbor Entertainment,,Wikipedia,https://en.wikipedia.org/wiki/List_of_American_films_of_2026
2026-05-01,May,Animal Farm,English,Movie,Angel Studios / The Imaginarium Studios / Aniventure / Cinesite,,Wikipedia,https://en.wikipedia.org/wiki/List_of_American_films_of_2026
2026-05-01,May,Casa Grande,English,Movie,ESX Entertainment,,Wikipedia,https://en.wikipedia.org/wiki/List_of_American_films_of_2026
2026-05-01,May,Deep Water,English,Movie,Magenta Light Studios / Arclight Films / Simmons/Hamilton Productions,,Wikipedia,https://en.wikipedia.org/wiki/List_of_American_films_of_2026
2026-05-01,May,Hokum,English,Movie,Neon / Image Nation Abu Dhabi / Tailored Films,,Wikipedia,https://en.wikipedia.org/wiki/List_of_American_films_of_2026
2026-05-01,May,One Spoon of Chocolate,English,Movie,36 Cinema Distribution / Variance Films,,Wikipedia,https://en.wikipedia.org/wiki/List_of_American_films_of_2026
2026-05-01,May,Swapped,English,Movie,Netflix / Skydance Animation,,Wikipedia,https://en.wikipedia.org/wiki/List_of_American_films_of_2026
2026-05-01,May,The Devil Wears Prada 2,English,Movie,20th Century Studios / Wendy Finerman Productions,,Wikipedia,https://en.wikipedia.org/wiki/List_of_American_films_of_2026
2026-05-01,May,The Fuzzies,English,Movie,Terror Films,,Wikipedia,https://en.wikipedia.org/wiki/List_of_American_films_of_2026
2026-05-01,May,Ek Din,Hindi,Movie,Aamir Khan Productions,,Wikipedia,https://en.wikipedia.org/wiki/List_of_Hindi_films_of_2026
2026-05-01,May,Kerala Story 2,Hindi,Movie,Zee 5,,Bollymoviereviewz,https://www.bollymoviereviewz.com/2022/01/upcoming-web-series-netflix-prime-disney-hotstarzee-5-sony-hindi-telugu-tamil-release-dates.html
2026-05-01,May,Pankh Hote To Udd Jate,Hindi,Movie,ATS Square,,Wikipedia,https://en.wikipedia.org/wiki/List_of_Hindi_films_of_2026
2026-05-01,May,Raja Shivaji,Hindi,Movie,"Jio Studios, Mumbai Film Company",,Wikipedia,https://en.wikipedia.org/wiki/List_of_Hindi_films_of_2026
2026-05-01,May,El Encargado,English,Show,Hulu,"( Hulu , Season 4)",Deadline,https://deadline.com/feature/2026-tv-premiere-dates-1236391902/
2026-05-01,May,Glory,English,Show,Netflix,"(Netflix, new drama series)",Deadline,https://deadline.com/feature/2026-tv-premiere-dates-1236391902/
2026-05-01,May,Lucky Chow,English,Show,PBS,"(PBS, Season 8)",Deadline,https://deadline.com/feature/2026-tv-premiere-dates-1236391902/
2026-05-01,May,Vitrerie Joyal,English,Show,Netflix,"(Netflix, new drama series)",Deadline,https://deadline.com/feature/2026-tv-premiere-dates-1236391902/
2026-05-01,May,Zillow Gone Wild,English,Show,HGTV,"(HGTV, Season 3)",Deadline,https://deadline.com/feature/2026-tv-premiere-dates-1236391902/
2026-05-01,May,Glory,Hindi,Show,Netflix,Drama,Bollymoviereviewz,https://www.bollymoviereviewz.com/2022/01/upcoming-web-series-netflix-prime-disney-hotstarzee-5-sony-hindi-telugu-tamil-release-dates.html
2026-05-01,May,Sapne vs Everyone Season 2,Hindi,Show,Prime Video,Series,Bollymoviereviewz,https://www.bollymoviereviewz.com/2022/01/upcoming-web-series-netflix-prime-disney-hotstarzee-5-sony-hindi-telugu-tamil-release-dates.html
2026-05-01,May,Undekhi Season 3,Hindi,Show,Sony Liv,Series,Bollymoviereviewz,https://www.bollymoviereviewz.com/2022/01/upcoming-web-series-netflix-prime-disney-hotstarzee-5-sony-hindi-telugu-tamil-release-dates.html
2026-05-02,May,Kapil Show World Laughter Day,Hindi,Show,Netflix,Drama,Bollymoviereviewz,https://www.bollymoviereviewz.com/2022/01/upcoming-web-series-netflix-prime-disney-hotstarzee-5-sony-hindi-telugu-tamil-release-dates.html
2026-05-02,May,The Glass House Season 1,Hindi,Show,JioHotstar,Series,Bollymoviereviewz,https://www.bollymoviereviewz.com/2022/01/upcoming-web-series-netflix-prime-disney-hotstarzee-5-sony-hindi-telugu-tamil-release-dates.html
2026-05-03,May,MLB Sunday Leadoff,English,Show,Peacock,"( Peacock , Season 5)",Deadline,https://deadline.com/feature/2026-tv-premiere-dates-1236391902/
2026-05-03,May,Soccer Meets America,English,Show,Roku Channel,"(Roku Channel, new docuseries)",Deadline,https://deadline.com/feature/2026-tv-premiere-dates-1236391902/
2026-05-04,May,Dr. Seuss’s Horton!,English,Show,Netflix,"(Netflix, Season 2)",Deadline,https://deadline.com/feature/2026-tv-premiere-dates-1236391902/
2026-05-04,May,Lord of the Flies,English,Show,Netflix,"(Netflix, new drama limited series)",Deadline,https://deadline.com/feature/2026-tv-premiere-dates-1236391902/
2026-05-05,May,Designed to Last,English,Show,Hulu,"( Hulu , new competition series)",Deadline,https://deadline.com/feature/2026-tv-premiere-dates-1236391902/
2026-05-05,May,Soccer’s American Dream,English,Show,Vice TV,"(Vice TV, new docuseries)",Deadline,https://deadline.com/feature/2026-tv-premiere-dates-1236391902/
2026-05-06,May,Busted on Bodycam,English,Show,Tubi,"(Tubi, new docuseries)",Deadline,https://deadline.com/feature/2026-tv-premiere-dates-1236391902/
2026-05-06,May,Citadel,English,Show,Prime Video,"(Prime Video, Season 2)",Deadline,https://deadline.com/feature/2026-tv-premiere-dates-1236391902/
2026-05-06,May,Love Is Blind: Poland,English,Show,Netflix,"(Netflix, new dating series)",Deadline,https://deadline.com/feature/2026-tv-premiere-dates-1236391902/
2026-05-06,May,The Other Bennet Sister,English,Show,BritBox,"(BritBox, Season 1 of British drama series)",Deadline,https://deadline.com/feature/2026-tv-premiere-dates-1236391902/
2026-05-06,May,Worst Ex Ever,English,Show,Netflix,"(Netflix, Season 2)",Deadline,https://deadline.com/feature/2026-tv-premiere-dates-1236391902/
2026-05-07,May,Krishnavataram Part 1: The Heart (Hridayam),Hindi,Movie,"Creativeland Studios Entertainment, Athashrikatha Motion Pictures",,Wikipedia,https://en.wikipedia.org/wiki/List_of_Hindi_films_of_2026
2026-05-07,May,Jersey Shore Family Vacation,English,Show,MTV,"(MTV, Season 8B; final season)",Deadline,https://deadline.com/feature/2026-tv-premiere-dates-1236391902/
2026-05-07,May,M.I.A.,English,Show,Peacock,"( Peacock , new drama series)",Deadline,https://deadline.com/feature/2026-tv-premiere-dates-1236391902/
2026-05-07,May,The Chestnut Man,English,Show,Netflix,"(Netflix, Season 2)",Deadline,https://deadline.com/feature/2026-tv-premiere-dates-1236391902/
2026-05-07,May,The Terror,English,Show,AMC,"(AMC, Season 3)",Deadline,https://deadline.com/feature/2026-tv-premiere-dates-1236391902/
2026-05-08,May,Affection,English,Movie,Brainstorm Media,,Wikipedia,https://en.wikipedia.org/wiki/List_of_American_films_of_2026
2026-05-08,May,Billie Eilish – Hit Me Hard and Soft: The Tour (Live in 3D),English,Movie,Paramount Pictures / Lightstorm Earth / Interscope Films,,Wikipedia,https://en.wikipedia.org/wiki/List_of_American_films_of_2026
2026-05-08,May,Blue Film,English,Movie,Obscured Releasing,,Wikipedia,https://en.wikipedia.org/wiki/List_of_American_films_of_2026
2026-05-08,May,Broad Trip,English,Movie,The Roku Channel,,Wikipedia,https://en.wikipedia.org/wiki/List_of_American_films_of_2026
2026-05-08,May,Couples Weekend,English,Movie,Vertical / Voltage Pictures,,Wikipedia,https://en.wikipedia.org/wiki/List_of_American_films_of_2026
2026-05-08,May,Give Me Back My Baby,English,Movie,Tubi,,Wikipedia,https://en.wikipedia.org/wiki/List_of_American_films_of_2026
2026-05-08,May,Influenced,English,Movie,Brainstorm Media / Menemsha Films,,Wikipedia,https://en.wikipedia.org/wiki/List_of_American_films_of_2026
2026-05-08,May,Mortal Kombat II,English,Movie,Warner Bros. Pictures / New Line Cinema / Atomic Monster,,Wikipedia,https://en.wikipedia.org/wiki/List_of_American_films_of_2026
2026-05-08,May,Neglected,English,Movie,Inaugural Entertainment,,Wikipedia,https://en.wikipedia.org/wiki/List_of_American_films_of_2026
2026-05-08,May,Remarkably Bright Creatures,English,Movie,Netflix / Anonymous Content,,Wikipedia,https://en.wikipedia.org/wiki/List_of_American_films_of_2026
2026-05-08,May,Takeover,English,Movie,Firestorm Entertainment / Quality Control Trioscope,,Wikipedia,https://en.wikipedia.org/wiki/List_of_American_films_of_2026
2026-05-08,May,The Sheep Detectives,English,Movie,Metro-Goldwyn-Mayer / Working Title Films / Lord Miller Productions,,Wikipedia,https://en.wikipedia.org/wiki/List_of_American_films_of_2026
2026-05-08,May,Daadi Ki Shaadi,Hindi,Movie,"RTake Studios, BeingU Studios, Shimla Talkies",,Wikipedia,https://en.wikipedia.org/wiki/List_of_Hindi_films_of_2026
2026-05-08,May,Dug Dug,Hindi,Movie,Bottle Rocket Pictures,,Wikipedia,https://en.wikipedia.org/wiki/List_of_Hindi_films_of_2026
2026-05-08,May,Main Actor Nahin Hoon,Hindi,Movie,"Mumba Devi Motion Pictures, Side Hero Entertainment Pvt. Ltd.",,Wikipedia,https://en.wikipedia.org/wiki/List_of_Hindi_films_of_2026
2026-05-08,May,Amadeus,English,Show,Starz,"(Starz, new drama series)",Deadline,https://deadline.com/feature/2026-tv-premiere-dates-1236391902/
2026-05-08,May,Deadliest Catch,English,Show,Discovery,"(Discovery, Season 22)",Deadline,https://deadline.com/feature/2026-tv-premiere-dates-1236391902/
2026-05-08,May,My Royal Nemesis: The Vixen and the Beast,English,Show,Netflix,"(Netflix, new drama series)",Deadline,https://deadline.com/feature/2026-tv-premiere-dates-1236391902/
2026-05-08,May,RuPaul’s Drag Race All Stars,English,Show,Paramount+,"( Paramount+ , Season 11)",Deadline,https://deadline.com/feature/2026-tv-premiere-dates-1236391902/
2026-05-08,May,RuPaul’s Drag Race All Stars Untucked,English,Show,Paramount+,"( Paramount+ , Season 8)",Deadline,https://deadline.com/feature/2026-tv-premiere-dates-1236391902/
2026-05-08,May,"Thank You, Next",English,Show,Netflix,"(Netflix, Season 3)",Deadline,https://deadline.com/feature/2026-tv-premiere-dates-1236391902/
2026-05-08,May,The Master Cutter,English,Show,Netflix,"(Netflix, new drama series)",Deadline,https://deadline.com/feature/2026-tv-premiere-dates-1236391902/
2026-05-08,May,Unconditional,English,Show,Apple TV,"( Apple TV , Season 1 of Israeli drama series)",Deadline,https://deadline.com/feature/2026-tv-premiere-dates-1236391902/
2026-05-08,May,Lukkhe Season 1,Hindi,Show,Prime Video,Drama,Bollymoviereviewz,https://www.bollymoviereviewz.com/2022/01/upcoming-web-series-netflix-prime-disney-hotstarzee-5-sony-hindi-telugu-tamil-release-dates.html
2026-05-09,May,K-Everything,English,Show,CNN International,"(CNN International, new docuseries)",Deadline,https://deadline.com/feature/2026-tv-premiere-dates-1236391902/
2026-05-09,May,Song of the Samurai,English,Show,HBO,"(HBO, new animated series)",Deadline,https://deadline.com/feature/2026-tv-premiere-dates-1236391902/
2026-05-10,May,90 Day Fiancé,English,Show,TLC,"(TLC, Season 12)",Deadline,https://deadline.com/feature/2026-tv-premiere-dates-1236391902/
2026-05-10,May,Home Town: Inn This Together,English,Show,HGTV,"(HGTV, new docuseries)",Deadline,https://deadline.com/feature/2026-tv-premiere-dates-1236391902/
2026-05-11,May,BBQ Brawl,English,Show,Food Network,"(Food Network, Season 7)",Deadline,https://deadline.com/feature/2026-tv-premiere-dates-1236391902/
2026-05-11,May,Everyone Is Doing Great,English,Show,Netflix,"(Netflix, Season 2)",Deadline,https://deadline.com/feature/2026-tv-premiere-dates-1236391902/
2026-05-11,May,Last Train to North America,English,Show,ESPN,"(ESPN, new docuseries)",Deadline,https://deadline.com/feature/2026-tv-premiere-dates-1236391902/
2026-05-11,May,Mark Rober’s CrunchLabs,English,Show,Netflix,"(Netflix, Season 4)",Deadline,https://deadline.com/feature/2026-tv-premiere-dates-1236391902/
2026-05-11,May,Pop Culture Jeopardy!,English,Show,Netflix,"(Netflix, Season 2; new network)",Deadline,https://deadline.com/feature/2026-tv-premiere-dates-1236391902/
2026-05-11,May,Regular Show: The Lost Tapes,English,Show,Cartoon Network,"(Cartoon Network, new animated series)",Deadline,https://deadline.com/feature/2026-tv-premiere-dates-1236391902/
2026-05-11,May,The Great American Baking Show,English,Show,Roku Channel,"(Roku Channel, Season 4)",Deadline,https://deadline.com/feature/2026-tv-premiere-dates-1236391902/
2026-05-11,May,Tucci in Italy,English,Show,National Geographic,"(National Geographic, new travelogue series)",Deadline,https://deadline.com/feature/2026-tv-premiere-dates-1236391902/
2026-05-12,May,Chopped Castaways,English,Show,Food Network,"(Food Network, new competition series)",Deadline,https://deadline.com/feature/2026-tv-premiere-dates-1236391902/
2026-05-12,May,Devil May Cry,English,Show,Netflix,"(Netflix, Season 2)",Deadline,https://deadline.com/feature/2026-tv-premiere-dates-1236391902/
2026-05-12,May,Homestead Rescue,English,Show,Discovery,"(Discovery, Season 14)",Deadline,https://deadline.com/feature/2026-tv-premiere-dates-1236391902/
2026-05-12,May,Neighborhood Wars,English,Show,A&E,"(A&E, Season 9)",Deadline,https://deadline.com/feature/2026-tv-premiere-dates-1236391902/
2026-05-12,May,Squatters,English,Show,A&E,"(A&E, new docuseries)",Deadline,https://deadline.com/feature/2026-tv-premiere-dates-1236391902/
2026-05-12,May,Tyler Perry’s Zatima,English,Show,Paramount+,"( Paramount+ , Season 4B)",Deadline,https://deadline.com/feature/2026-tv-premiere-dates-1236391902/
2026-05-12,May,U.S. Against the World: Four Years with the Men’s National Soccer Team,English,Show,HBO,"(HBO, new docuseries)",Deadline,https://deadline.com/feature/2026-tv-premiere-dates-1236391902/
2026-05-13,May,Good Omens,English,Show,Prime Video,"(Prime Video, Season 3; single-episode finale)",Deadline,https://deadline.com/feature/2026-tv-premiere-dates-1236391902/
2026-05-13,May,Off Campus,English,Show,Prime Video,"(Prime Video, new drama series)",Deadline,https://deadline.com/feature/2026-tv-premiere-dates-1236391902/
2026-05-13,May,Perfect Match,English,Show,Netflix,"(Netflix, Season 4)",Deadline,https://deadline.com/feature/2026-tv-premiere-dates-1236391902/
2026-05-13,May,The Face Doctors,English,Show,TLC,"(TLC, new docuseries)",Deadline,https://deadline.com/feature/2026-tv-premiere-dates-1236391902/
2026-05-13,May,The Great American Road Rally: Celebrity Edition,English,Show,The CW,"(The CW, new competition series)",Deadline,https://deadline.com/feature/2026-tv-premiere-dates-1236391902/
2026-05-14,May,Fear Factor: 48 Hours of Fear,English,Show,Fox,"(Fox, new competition limited series)",Deadline,https://deadline.com/feature/2026-tv-premiere-dates-1236391902/
2026-05-14,May,Nemesis,English,Show,Netflix,"(Netflix, new drama series)",Deadline,https://deadline.com/feature/2026-tv-premiere-dates-1236391902/
2026-05-14,May,On the Roam,English,Show,HBO,"(HBO, Season 2)",Deadline,https://deadline.com/feature/2026-tv-premiere-dates-1236391902/
2026-05-14,May,Soul Mate,English,Show,Netflix,"(Netflix, new drama series)",Deadline,https://deadline.com/feature/2026-tv-premiere-dates-1236391902/
2026-05-14,May,Welcome to Wrexham,English,Show,FX,"(FX, Season 5)",Deadline,https://deadline.com/feature/2026-tv-premiere-dates-1236391902/
2026-05-15,May,An Enemy Within,English,Movie,Saban Films,,Wikipedia,https://en.wikipedia.org/wiki/List_of_American_films_of_2026
2026-05-15,May,Driver's Ed,English,Movie,Vertical / AGC Studios,,Wikipedia,https://en.wikipedia.org/wiki/List_of_American_films_of_2026
2026-05-15,May,Forge,English,Movie,Utopia,,Wikipedia,https://en.wikipedia.org/wiki/List_of_American_films_of_2026
2026-05-15,May,In the Grey,English,Movie,Black Bear Pictures,,Wikipedia,https://en.wikipedia.org/wiki/List_of_American_films_of_2026
2026-05-15,May,Is God Is,English,Movie,Orion Pictures / Viva Maude,,Wikipedia,https://en.wikipedia.org/wiki/List_of_American_films_of_2026
2026-05-15,May,Magic Hour,English,Movie,Greenwich Entertainment / Duplass Brothers Productions,,Wikipedia,https://en.wikipedia.org/wiki/List_of_American_films_of_2026
2026-05-15,May,Obsession,English,Movie,Focus Features / Blumhouse Productions,,Wikipedia,https://en.wikipedia.org/wiki/List_of_American_films_of_2026
2026-05-15,May,Aakhri Sawal,Hindi,Movie,"Nikhil Nanda Motion Pictures, Neem Tree Entertainment",,Wikipedia,https://en.wikipedia.org/wiki/List_of_Hindi_films_of_2026
2026-05-15,May,Dhurandhar 2 ( Overseas),Hindi,Movie,Netflix,,Bollymoviereviewz,https://www.bollymoviereviewz.com/2022/01/upcoming-web-series-netflix-prime-disney-hotstarzee-5-sony-hindi-telugu-tamil-release-dates.html
2026-05-15,May,IIZ: Indian Institute of Zombies,Hindi,Movie,"Kuku, Low Gravity Productions",,Wikipedia,https://en.wikipedia.org/wiki/List_of_Hindi_films_of_2026
2026-05-15,May,Kartavya,Hindi,Movie,"Red Chillies Entertainment, Netflix",,Wikipedia,https://en.wikipedia.org/wiki/List_of_Hindi_films_of_2026
2026-05-15,May,Kartavya,Hindi,Movie,Netflix,,Bollymoviereviewz,https://www.bollymoviereviewz.com/2022/01/upcoming-web-series-netflix-prime-disney-hotstarzee-5-sony-hindi-telugu-tamil-release-dates.html
2026-05-15,May,Pati Patni Aur Woh Do,Hindi,Movie,"T-Series Films, B. R. Studios",,Wikipedia,https://en.wikipedia.org/wiki/List_of_Hindi_films_of_2026
2026-05-15,May,Berlín and the Lady with an Ermine,English,Show,Netflix,"(Netflix, new drama series)",Deadline,https://deadline.com/feature/2026-tv-premiere-dates-1236391902/
2026-05-15,May,Couples Therapy,English,Show,Paramount+,"( Paramount+ , Season 5)",Deadline,https://deadline.com/feature/2026-tv-premiere-dates-1236391902/
2026-05-15,May,Dutton Ranch,English,Show,Paramount+,"( Paramount+ , new drama series)",Deadline,https://deadline.com/feature/2026-tv-premiere-dates-1236391902/
2026-05-15,May,Jesser’s Ultimate Kickoff,English,Show,Tubi,"(Tubi, new docuseries)",Deadline,https://deadline.com/feature/2026-tv-premiere-dates-1236391902/
2026-05-15,May,Rivals,English,Show,Hulu,"( Hulu , Season 2)",Deadline,https://deadline.com/feature/2026-tv-premiere-dates-1236391902/
2026-05-15,May,The Wonderfools,English,Show,Netflix,"(Netflix, new comedy series)",Deadline,https://deadline.com/feature/2026-tv-premiere-dates-1236391902/
2026-05-15,May,Berlin and Lady with Ermine,Hindi,Show,JioHotstar,Series,Bollymoviereviewz,https://www.bollymoviereviewz.com/2022/01/upcoming-web-series-netflix-prime-disney-hotstarzee-5-sony-hindi-telugu-tamil-release-dates.html
2026-05-15,May,Exam,Hindi,Show,Prime Video,Series,Bollymoviereviewz,https://www.bollymoviereviewz.com/2022/01/upcoming-web-series-netflix-prime-disney-hotstarzee-5-sony-hindi-telugu-tamil-release-dates.html
2026-05-15,May,Hathras,Hindi,Show,Zee 5,Drama,Bollymoviereviewz,https://www.bollymoviereviewz.com/2022/01/upcoming-web-series-netflix-prime-disney-hotstarzee-5-sony-hindi-telugu-tamil-release-dates.html
2026-05-15,May,Inspector Avinash Season 2,Hindi,Show,JioHotstar,Drama,Bollymoviereviewz,https://www.bollymoviereviewz.com/2022/01/upcoming-web-series-netflix-prime-disney-hotstarzee-5-sony-hindi-telugu-tamil-release-dates.html
2026-05-15,May,Vimal Khanna,Hindi,Show,Amazon MX Player,Series,Bollymoviereviewz,https://www.bollymoviereviewz.com/2022/01/upcoming-web-series-netflix-prime-disney-hotstarzee-5-sony-hindi-telugu-tamil-release-dates.html
2026-05-17,May,County Rescue,English,Show,Great American Family,"(Great American Family, Season 3)",Deadline,https://deadline.com/feature/2026-tv-premiere-dates-1236391902/
2026-05-17,May,In the Eye of the Storm: Chasers,English,Show,Discovery,"(Discovery, new docuseries; working title)",Deadline,https://deadline.com/feature/2026-tv-premiere-dates-1236391902/
2026-05-17,May,Naked And Afraid: Global Showdown,English,Show,Discovery,"(Discovery, new docuseries; working title)",Deadline,https://deadline.com/feature/2026-tv-premiere-dates-1236391902/
2026-05-17,May,The Killer Among Us,English,Show,Oxygen,"(Oxygen, new docuseries)",Deadline,https://deadline.com/feature/2026-tv-premiere-dates-1236391902/
2026-05-18,May,VPI: Vinnie Politan Investigates,English,Show,Court TV,"(Court TV, Season 4)",Deadline,https://deadline.com/feature/2026-tv-premiere-dates-1236391902/
2026-05-18,May,You’re Killing Me,English,Show,Acorn TV,"(Acorn TV, new drama series)",Deadline,https://deadline.com/feature/2026-tv-premiere-dates-1236391902/
2026-05-19,May,Baylen Out Loud,English,Show,TLC,"(TLC, Season 3)",Deadline,https://deadline.com/feature/2026-tv-premiere-dates-1236391902/
2026-05-19,May,In the City,English,Show,Bravo,"(Bravo, new unscripted series)",Deadline,https://deadline.com/feature/2026-tv-premiere-dates-1236391902/
2026-05-19,May,The Nightmare Upstairs: What Happened to Ty and Bryn?,English,Show,Hulu,"( Hulu , new docu-miniseries)",Deadline,https://deadline.com/feature/2026-tv-premiere-dates-1236391902/
2026-05-19,May,The Secret of Skinwalker Ranch,English,Show,History,"(History, Season 7)",Deadline,https://deadline.com/feature/2026-tv-premiere-dates-1236391902/
2026-05-20,May,Jack Ryan: Ghost War,English,Movie,Amazon MGM Studios / Paramount Pictures / Sunday Night Productions,,Wikipedia,https://en.wikipedia.org/wiki/List_of_American_films_of_2026
2026-05-20,May,Maximum Pleasure Guaranteed,English,Show,Apple TV,"( Apple TV , new comedy series)",Deadline,https://deadline.com/feature/2026-tv-premiere-dates-1236391902/
2026-05-20,May,The Oval,English,Show,BET,"(BET, Season 7; final season)",Deadline,https://deadline.com/feature/2026-tv-premiere-dates-1236391902/
2026-05-20,May,Desi Bling,Hindi,Show,Netflix,Series,Bollymoviereviewz,https://www.bollymoviereviewz.com/2022/01/upcoming-web-series-netflix-prime-disney-hotstarzee-5-sony-hindi-telugu-tamil-release-dates.html
2026-05-21,May,SkyMed,English,Show,Paramount+,"( Paramount+ , Season 4)",Deadline,https://deadline.com/feature/2026-tv-premiere-dates-1236391902/
2026-05-21,May,The Boroughs,English,Show,Netflix,"(Netflix, new drama series)",Deadline,https://deadline.com/feature/2026-tv-premiere-dates-1236391902/
2026-05-22,May,Corporate Retreat,English,Movie,Western Film Service / Passage Pictures,,Wikipedia,https://en.wikipedia.org/wiki/List_of_American_films_of_2026
2026-05-22,May,Giant,English,Movie,Vertical / Balboa Productions / AGC Studios,,Wikipedia,https://en.wikipedia.org/wiki/List_of_American_films_of_2026
2026-05-22,May,I Love Boosters,English,Movie,Neon / Annapurna Pictures,,Wikipedia,https://en.wikipedia.org/wiki/List_of_American_films_of_2026
2026-05-22,May,Ladies First,English,Movie,Netflix,,Wikipedia,https://en.wikipedia.org/wiki/List_of_American_films_of_2026
2026-05-22,May,Passenger,English,Movie,Paramount Pictures,,Wikipedia,https://en.wikipedia.org/wiki/List_of_American_films_of_2026
2026-05-22,May,Situations,English,Movie,Utopia,,Wikipedia,https://en.wikipedia.org/wiki/List_of_American_films_of_2026
2026-05-22,May,The Mandalorian and Grogu,English,Movie,Lucasfilm / Fairview Entertainment,,Wikipedia,https://en.wikipedia.org/wiki/List_of_American_films_of_2026
2026-05-22,May,Tuner,English,Movie,Black Bear Pictures / Elevation Pictures,,Wikipedia,https://en.wikipedia.org/wiki/List_of_American_films_of_2026
2026-05-22,May,Chand Mera Dil,Hindi,Movie,Dharma Productions,,Wikipedia,https://en.wikipedia.org/wiki/List_of_Hindi_films_of_2026
2026-05-22,May,September 21,Hindi,Movie,"Visica Films, FMD Productions, Humaramovie, FilmsMax",,Wikipedia,https://en.wikipedia.org/wiki/List_of_Hindi_films_of_2026
2026-05-22,May,System,Hindi,Movie,"Baweja Studios, Amazon Prime Video",,Wikipedia,https://en.wikipedia.org/wiki/List_of_Hindi_films_of_2026
2026-05-22,May,Teesri Begum,Hindi,Movie,BMB Productions,,Wikipedia,https://en.wikipedia.org/wiki/List_of_Hindi_films_of_2026
2026-05-22,May,Mating Season,English,Show,Netflix,"(Netflix, new animated comedy series)",Deadline,https://deadline.com/feature/2026-tv-premiere-dates-1236391902/
2026-05-22,May,The Chi,English,Show,Showtime,"(Showtime, Season 8; final season)",Deadline,https://deadline.com/feature/2026-tv-premiere-dates-1236391902/
2026-05-22,May,Satrangi,Hindi,Show,Zee 5,Drama,Bollymoviereviewz,https://www.bollymoviereviewz.com/2022/01/upcoming-web-series-netflix-prime-disney-hotstarzee-5-sony-hindi-telugu-tamil-release-dates.html
2026-05-22,May,System,Hindi,Show,Amazon Prime,Series,Bollymoviereviewz,https://www.bollymoviereviewz.com/2022/01/upcoming-web-series-netflix-prime-disney-hotstarzee-5-sony-hindi-telugu-tamil-release-dates.html
2026-05-24,May,Bad Thoughts,English,Show,Netflix,"(Netflix, Season 2)",Deadline,https://deadline.com/feature/2026-tv-premiere-dates-1236391902/
2026-05-24,May,Rick and Morty,English,Show,Adult Swim,"(Adult Swim, Season 9)",Deadline,https://deadline.com/feature/2026-tv-premiere-dates-1236391902/
2026-05-24,May,The Vampire Lestat: After Dark,English,Show,AMC,"(AMC, new aftershow series)",Deadline,https://deadline.com/feature/2026-tv-premiere-dates-1236391902/
2026-05-25,May,Food Network’s Top 10,English,Show,Food Network,"(Food Network, new countdown series)",Deadline,https://deadline.com/feature/2026-tv-premiere-dates-1236391902/
2026-05-25,May,Maine Cabin Masters,English,Show,Magnolia,"(Magnolia, Season 2)",Deadline,https://deadline.com/feature/2026-tv-premiere-dates-1236391902/
2026-05-25,May,Sofia the First: Royal Magic,English,Show,Disney Jr.,"(Disney Jr., new children’s animated series)",Deadline,https://deadline.com/feature/2026-tv-premiere-dates-1236391902/
2026-05-25,May,Spider-Noir,English,Show,MGM+,"(MGM+, new drama series; May 27 on Prime Video)",Deadline,https://deadline.com/feature/2026-tv-premiere-dates-1236391902/
2026-05-25,May,The Many Lives of Benjaman Kyle,English,Show,ID,"(ID, new docu-miniseries)",Deadline,https://deadline.com/feature/2026-tv-premiere-dates-1236391902/
2026-05-25,May,World War II With Tom Hanks,English,Show,History,"(History, new docuseries)",Deadline,https://deadline.com/feature/2026-tv-premiere-dates-1236391902/
2026-05-26,May,Castle Impossible,English,Show,HGTV,"(HGTV, Season 2)",Deadline,https://deadline.com/feature/2026-tv-premiere-dates-1236391902/
2026-05-26,May,Jae-seok’s B&B Rules!,English,Show,Netflix,"(Netflix, new unscripted series)",Deadline,https://deadline.com/feature/2026-tv-premiere-dates-1236391902/
2026-05-26,May,Summer House Reunion,English,Show,Bravo,"(Bravo, new unscripted miniseries)",Deadline,https://deadline.com/feature/2026-tv-premiere-dates-1236391902/
2026-05-27,May,A Good Girl’s Guide to Murder,English,Show,Netflix,"(Netflix, Season 2)",Deadline,https://deadline.com/feature/2026-tv-premiere-dates-1236391902/
2026-05-27,May,Brilliant Minds,English,Show,NBC,"(NBC, Season 2C)",Deadline,https://deadline.com/feature/2026-tv-premiere-dates-1236391902/
2026-05-27,May,My 2 Cents,English,Show,Netflix,"(Netflix, new animated series)",Deadline,https://deadline.com/feature/2026-tv-premiere-dates-1236391902/
2026-05-27,May,Mystery at Blind Frog Ranch,English,Show,Discovery,"(Discovery, Season 6)",Deadline,https://deadline.com/feature/2026-tv-premiere-dates-1236391902/
2026-05-27,May,The Rise & Fall of the Roman Empire,English,Show,History,"(History, new docu-miniseries)",Deadline,https://deadline.com/feature/2026-tv-premiere-dates-1236391902/
2026-05-28,May,Criminal Minds: Evolution,English,Show,Paramount+,"( Paramount+ , Season 19)",Deadline,https://deadline.com/feature/2026-tv-premiere-dates-1236391902/
2026-05-28,May,Deli Boys,English,Show,Hulu,"( Hulu , Season 2)",Deadline,https://deadline.com/feature/2026-tv-premiere-dates-1236391902/
2026-05-28,May,Good Night with Ben Gleib,English,Show,YouTube,"(YouTube, new late-night talk show)",Deadline,https://deadline.com/feature/2026-tv-premiere-dates-1236391902/
2026-05-28,May,The Four Seasons,English,Show,Netflix,"(Netflix, Season 2)",Deadline,https://deadline.com/feature/2026-tv-premiere-dates-1236391902/
2026-05-29,May,Backrooms,English,Movie,A24 / 21 Laps Entertainment / Atomic Monster / Chernin Entertainment,,Wikipedia,https://en.wikipedia.org/wiki/List_of_American_films_of_2026
2026-05-29,May,Fucktoys,English,Movie,Trashtown Pictures / Atypical Day,,Wikipedia,https://en.wikipedia.org/wiki/List_of_American_films_of_2026
2026-05-29,May,"Miss You, Love You",English,Movie,HBO Films / MWM,,Wikipedia,https://en.wikipedia.org/wiki/List_of_American_films_of_2026
2026-05-29,May,Pitfall,English,Movie,Voltage Pictures,,Wikipedia,https://en.wikipedia.org/wiki/List_of_American_films_of_2026
2026-05-29,May,Power Ballad,English,Movie,Lionsgate / 30West / Screen Ireland / Likely Story,,Wikipedia,https://en.wikipedia.org/wiki/List_of_American_films_of_2026
2026-05-29,May,Propeller One-Way Night Coach,English,Movie,Apple TV,,Wikipedia,https://en.wikipedia.org/wiki/List_of_American_films_of_2026
2026-05-29,May,The Breadwinner,English,Movie,TriStar Pictures,,Wikipedia,https://en.wikipedia.org/wiki/List_of_American_films_of_2026
2026-05-29,May,Jeena Dil Se,Hindi,Movie,ADR Media Production,,Wikipedia,https://en.wikipedia.org/wiki/List_of_Hindi_films_of_2026
2026-05-29,May,Krishna Aur Chitthi,Hindi,Movie,"Shining Sun Studios, Aspect Entertainment",,Wikipedia,https://en.wikipedia.org/wiki/List_of_Hindi_films_of_2026
2026-05-29,May,Obsess,Hindi,Movie,"Jagraj Motion Pictures, Peter Wilson Entertainment",,Wikipedia,https://en.wikipedia.org/wiki/List_of_Hindi_films_of_2026
2026-05-29,May,Rajni Ki Baraat,Hindi,Movie,Epiphany Entertainment,,Wikipedia,https://en.wikipedia.org/wiki/List_of_Hindi_films_of_2026
2026-05-29,May,Return of the Jungle,Hindi,Movie,Vaibhav Studios,,Wikipedia,https://en.wikipedia.org/wiki/List_of_Hindi_films_of_2026
2026-05-29,May,Shree Baba Neeb Karoli Maharaj,Hindi,Movie,"Anisha Films International, PC Jeweller, BSR Film Productions, Advance Technology",,Wikipedia,https://en.wikipedia.org/wiki/List_of_Hindi_films_of_2026
2026-05-29,May,The Great Grand Superhero: Aliens Ka Aagman,Hindi,Movie,"Zee Studios, Amdavad Films",,Wikipedia,https://en.wikipedia.org/wiki/List_of_Hindi_films_of_2026
2026-05-29,May,Brazil ’70: The Third Star,English,Show,Netflix,"(Netflix, new docuseries)",Deadline,https://deadline.com/feature/2026-tv-premiere-dates-1236391902/
2026-05-29,May,Calabasas Confidential,English,Show,Netflix,"(Netflix, new unscripted series)",Deadline,https://deadline.com/feature/2026-tv-premiere-dates-1236391902/
2026-05-29,May,Love After Lockup,English,Show,We TV,"(We TV, Season 7B)",Deadline,https://deadline.com/feature/2026-tv-premiere-dates-1236391902/
2026-05-29,May,Rafa,English,Show,Netflix,"(Netflix, new docuseries)",Deadline,https://deadline.com/feature/2026-tv-premiere-dates-1236391902/
2026-05-29,May,Star City,English,Show,Apple TV,"( Apple TV , new drama series)",Deadline,https://deadline.com/feature/2026-tv-premiere-dates-1236391902/
2026-05-29,May,This Is Poly,English,Show,We TV,"(We TV, new unscripted series)",Deadline,https://deadline.com/feature/2026-tv-premiere-dates-1236391902/
2026-05-30,May,Craig Ferguson: American on Purpose,English,Show,CNN,"(CNN, new docuseries)",Deadline,https://deadline.com/feature/2026-tv-premiere-dates-1236391902/
2026-05-30,May,Heart & Hustle: Houston,English,Show,OWN,"(OWN, Season 2)",Deadline,https://deadline.com/feature/2026-tv-premiere-dates-1236391902/
2026-05-31,May,Speed Demon,English,Movie,Maverick Film / Complex Corp,,Wikipedia,https://en.wikipedia.org/wiki/List_of_American_films_of_2026
2026-06-01,June,90 Day: The Last Resort,English,Show,TLC,"(TLC, Season 3)",Deadline,https://deadline.com/feature/2026-tv-premiere-dates-1236391902/
2026-06-01,June,Ariel: The Little Mermaid,English,Show,Disney Jr,"(Disney Jr, Season 2)",Deadline,https://deadline.com/feature/2026-tv-premiere-dates-1236391902/
2026-06-01,June,Battle on the Beach,English,Show,HGTV,"(HGTV, Season 5)",Deadline,https://deadline.com/feature/2026-tv-premiere-dates-1236391902/
2026-06-01,June,Bring Me the Beauties: A Model Cult,English,Show,HBO,"(HBO, new docu-miniseries)",Deadline,https://deadline.com/feature/2026-tv-premiere-dates-1236391902/
2026-06-01,June,Deadly Influence: The Social Media Murders,English,Show,ID,"(ID, Season 2)",Deadline,https://deadline.com/feature/2026-tv-premiere-dates-1236391902/
2026-06-01,June,History’s Greatest Machines with Dolph Lundgren,English,Show,History,"(History, new docuseries)",Deadline,https://deadline.com/feature/2026-tv-premiere-dates-1236391902/
2026-06-01,June,Lethally Blonde,English,Show,ID,"(ID, Season 2)",Deadline,https://deadline.com/feature/2026-tv-premiere-dates-1236391902/
2026-06-02,June,Bodies in the Water,English,Show,ID,"(ID, new docuseries)",Deadline,https://deadline.com/feature/2026-tv-premiere-dates-1236391902/
2026-06-02,June,Devotion: Obedience or Betrayal,English,Show,Paramount+,"(Paramount+, new docu-miniseries)",Deadline,https://deadline.com/feature/2026-tv-premiere-dates-1236391902/
2026-06-02,June,Love Island USA,English,Show,Peacock,"( Peacock , Season 8)",Deadline,https://deadline.com/feature/2026-tv-premiere-dates-1236391902/
2026-06-02,June,Password,English,Show,NBC,"(NBC, Season 3)",Deadline,https://deadline.com/feature/2026-tv-premiere-dates-1236391902/
2026-06-02,June,The Proof Is Out There: Unexplained Edition,English,Show,History,"(History, Season 2)",Deadline,https://deadline.com/feature/2026-tv-premiere-dates-1236391902/
2026-06-03,June,Clarkson’s Farm,English,Show,Prime Video,"(Prime Video, Season 5)",Deadline,https://deadline.com/feature/2026-tv-premiere-dates-1236391902/
2026-06-03,June,Michael Jackson: The Verdict,English,Show,Netflix,"(Netflix, new docu-miniseries)",Deadline,https://deadline.com/feature/2026-tv-premiere-dates-1236391902/
2026-06-03,June,The Legend of Vox Machina,English,Show,Prime Video,"(Prime Video, Season 4)",Deadline,https://deadline.com/feature/2026-tv-premiere-dates-1236391902/
2026-06-03,June,Made in India Titan Story,Hindi,Show,Amazon MX Player,Drama,Bollymoviereviewz,https://www.bollymoviereviewz.com/2022/01/upcoming-web-series-netflix-prime-disney-hotstarzee-5-sony-hindi-telugu-tamil-release-dates.html
2026-06-04,June,Dhurandhar 2 ( India),Hindi,Movie,JioHotstar,,Bollymoviereviewz,https://www.bollymoviereviewz.com/2022/01/upcoming-web-series-netflix-prime-disney-hotstarzee-5-sony-hindi-telugu-tamil-release-dates.html
2026-06-04,June,Maa Behen,Hindi,Movie,"Abundantia Entertainment, Opening Image Films, Netflix",,Wikipedia,https://en.wikipedia.org/wiki/List_of_Hindi_films_of_2026
2026-06-04,June,Maa Behen,Hindi,Show,Netflix,Series,Bollymoviereviewz,https://www.bollymoviereviewz.com/2022/01/upcoming-web-series-netflix-prime-disney-hotstarzee-5-sony-hindi-telugu-tamil-release-dates.html
2026-06-05,June,Carolina Caroline,English,Movie,Magnolia Pictures,,Wikipedia,https://en.wikipedia.org/wiki/List_of_American_films_of_2026
2026-06-05,June,Chum,English,Movie,Independent Film Company / Kinolights,,Wikipedia,https://en.wikipedia.org/wiki/List_of_American_films_of_2026
2026-06-05,June,Masters of the Universe,English,Movie,Metro-Goldwyn-Mayer / Mattel Studios / Escape Artists,,Wikipedia,https://en.wikipedia.org/wiki/List_of_American_films_of_2026
2026-06-05,June,Office Romance,English,Movie,Netflix / Ryder Picture Company / Nuyorican Productions,,Wikipedia,https://en.wikipedia.org/wiki/List_of_American_films_of_2026
2026-06-05,June,Scary Movie,English,Movie,Paramount Pictures / Miramax,,Wikipedia,https://en.wikipedia.org/wiki/List_of_American_films_of_2026
2026-06-05,June,Signal One,English,Movie,Radial Entertainment / Shout! Studios / Darius Films,,Wikipedia,https://en.wikipedia.org/wiki/List_of_American_films_of_2026
2026-06-05,June,Bandar,Hindi,Movie,Saffron Magicworks,,Wikipedia,https://en.wikipedia.org/wiki/List_of_Hindi_films_of_2026
2026-06-05,June,Hai Jawani Toh Ishq Hona Hai,Hindi,Movie,"Tips Films, Maximilian Films",,Wikipedia,https://en.wikipedia.org/wiki/List_of_Hindi_films_of_2026
2026-06-05,June,Cape Fear,English,Show,Apple TV,"( Apple TV , new drama series)",Deadline,https://deadline.com/feature/2026-tv-premiere-dates-1236391902/
2026-06-05,June,Everything on the Menu with Braun Strowman,English,Show,USA Network,"(USA Network, Season 2)",Deadline,https://deadline.com/feature/2026-tv-premiere-dates-1236391902/
2026-06-05,June,Pyramid Scheme,Hindi,Show,Amazon Prime,Series,Bollymoviereviewz,https://www.bollymoviereviewz.com/2022/01/upcoming-web-series-netflix-prime-disney-hotstarzee-5-sony-hindi-telugu-tamil-release-dates.html
2026-06-06,June,Chibiverse,English,Show,Disney+,"( Disney+ , Season 4)",Deadline,https://deadline.com/feature/2026-tv-premiere-dates-1236391902/
2026-06-06,June,Dragon Striker,English,Show,Disney XD,"(Disney XD, new animated series)",Deadline,https://deadline.com/feature/2026-tv-premiere-dates-1236391902/
2026-06-07,June,Anne Rice’s The Vampire Lestat,English,Show,AMC,"(AMC, Season 3; fka Interview with the Vampire)",Deadline,https://deadline.com/feature/2026-tv-premiere-dates-1236391902/
2026-06-07,June,This Land,English,Show,CNN,"(CNN, new docuseries)",Deadline,https://deadline.com/feature/2026-tv-premiere-dates-1236391902/
2026-06-08,June,100 Cooks,English,Show,Food Network,"(Food Network, new competition series)",Deadline,https://deadline.com/feature/2026-tv-premiere-dates-1236391902/
2026-06-08,June,Alice and Steve,English,Show,Hulu,"( Hulu , new comedy series)",Deadline,https://deadline.com/feature/2026-tv-premiere-dates-1236391902/
2026-06-08,June,Below Deck Mediterranean,English,Show,Bravo,"(Bravo, Season 11)",Deadline,https://deadline.com/feature/2026-tv-premiere-dates-1236391902/
2026-06-08,June,Best of the World with Antoni Porowski,English,Show,National Geographic,"(National Geographic, new travelogue series)",Deadline,https://deadline.com/feature/2026-tv-premiere-dates-1236391902/
2026-06-08,June,Crashers,English,Show,HGTV,"(HGTV, new docuseries reboot)",Deadline,https://deadline.com/feature/2026-tv-premiere-dates-1236391902/
2026-06-08,June,Gamechangers,English,Show,Roku Channel,"(Roku Channel, new anthology docuseries)",Deadline,https://deadline.com/feature/2026-tv-premiere-dates-1236391902/
2026-06-08,June,Sesame Street,English,Show,Netflix,"(Netflix, Season 56B)",Deadline,https://deadline.com/feature/2026-tv-premiere-dates-1236391902/
2026-06-08,June,The Root of the Game,English,Show,Netflix,"(Netflix, new docuseries)",Deadline,https://deadline.com/feature/2026-tv-premiere-dates-1236391902/
2026-06-09,June,The Second Coming of John Cooper,English,Movie,MVD Entertainment Group / Bonus Level Productions / Public Transit,,Wikipedia,https://en.wikipedia.org/wiki/List_of_American_films_of_2026
2026-06-09,June,Norway: The Dark Horse,English,Show,Netflix,"(Netflix, new docu-miniseries)",Deadline,https://deadline.com/feature/2026-tv-premiere-dates-1236391902/
2026-06-10,June,Big Girls Wanted: Escaping Pearadise,English,Show,ID,"(ID, new docuseries)",Deadline,https://deadline.com/feature/2026-tv-premiere-dates-1236391902/
2026-06-10,June,Every Year After,English,Show,Prime Video,"(Prime Video, new drama series)",Deadline,https://deadline.com/feature/2026-tv-premiere-dates-1236391902/
2026-06-10,June,Most Extreme Humans,English,Show,TLC,"(TLC, new docuseries)",Deadline,https://deadline.com/feature/2026-tv-premiere-dates-1236391902/
2026-06-10,June,My Family,English,Show,Netflix,"(Netflix, Season 2)",Deadline,https://deadline.com/feature/2026-tv-premiere-dates-1236391902/
2026-06-10,June,Outlast: The Jungle,English,Show,Netflix,"(Netflix, new competition series)",Deadline,https://deadline.com/feature/2026-tv-premiere-dates-1236391902/
2026-06-10,June,Rosario Tijeras (Mexico),English,Show,Netflix,"(Netflix, Season 5)",Deadline,https://deadline.com/feature/2026-tv-premiere-dates-1236391902/
2026-06-12,June,Broken Land,English,Movie,Well Go USA Entertainment,,Wikipedia,https://en.wikipedia.org/wiki/List_of_American_films_of_2026
2026-06-12,June,Disclosure Day,English,Movie,Universal Pictures / Amblin Entertainment,,Wikipedia,https://en.wikipedia.org/wiki/List_of_American_films_of_2026
2026-06-12,June,Find Your Friends,English,Movie,Shudder,,Wikipedia,https://en.wikipedia.org/wiki/List_of_American_films_of_2026
2026-06-12,June,Honeyjoon,English,Movie,Utopia,,Wikipedia,https://en.wikipedia.org/wiki/List_of_American_films_of_2026
2026-06-12,June,O Horizon,English,Movie,Variance Films,,Wikipedia,https://en.wikipedia.org/wiki/List_of_American_films_of_2026
2026-06-12,June,Stop! That! Train!,English,Movie,Bleecker Street / World of Wonder,,Wikipedia,https://en.wikipedia.org/wiki/List_of_American_films_of_2026
2026-06-12,June,This Tempting Madness,English,Movie,Vertical,,Wikipedia,https://en.wikipedia.org/wiki/List_of_American_films_of_2026
2026-06-12,June,Time of Death,English,Movie,Vertical,,Wikipedia,https://en.wikipedia.org/wiki/List_of_American_films_of_2026
2026-06-12,June,Bharat Bhhagya Viddhaata,Hindi,Movie,"Pen Studios, Manikarnika Films, Paramhans Creations, Eunoia Films, Floating Rocks Entertainment",,Wikipedia,https://en.wikipedia.org/wiki/List_of_Hindi_films_of_2026
2026-06-12,June,Governor,Hindi,Movie,Sunshine Pictures,,Wikipedia,https://en.wikipedia.org/wiki/List_of_Hindi_films_of_2026
2026-06-12,June,Haunted 3D: Echoes Of The Past,Hindi,Movie,"Anand Pandit Motion Pictures, Promoedge Media Pvt. Ltd",,Wikipedia,https://en.wikipedia.org/wiki/List_of_Hindi_films_of_2026
2026-06-12,June,Heer Sara,Hindi,Movie,"Maghaa Creations, Next Level Productions, Opticus Inc",,Wikipedia,https://en.wikipedia.org/wiki/List_of_Hindi_films_of_2026
2026-06-12,June,Main Vaapas Aaunga,Hindi,Movie,"Birla Studios, Applause Entertainment, Window Seat Films",,Wikipedia,https://en.wikipedia.org/wiki/List_of_Hindi_films_of_2026
2026-06-12,June,The Narmada Story,Hindi,Movie,"AB Infosoft Creation, Golden Ratio Films",,Wikipedia,https://en.wikipedia.org/wiki/List_of_Hindi_films_of_2026
2026-06-12,June,Celebrity Wheel of Fortune,English,Show,Disney+/Hulu,"(Disney+/Hulu, special stand-alone season)",Deadline,https://deadline.com/feature/2026-tv-premiere-dates-1236391902/
2026-06-12,June,Power Book III: Raising Kanan,English,Show,Starz,"(Starz, Season 5; final season)",Deadline,https://deadline.com/feature/2026-tv-premiere-dates-1236391902/
2026-06-12,June,The Listeners,English,Show,Starz,"(Starz, Season 1 of British drama series)",Deadline,https://deadline.com/feature/2026-tv-premiere-dates-1236391902/
2026-06-13,June,Connect with Jacob Soboroff,English,Show,MS Now,"(MS Now, new news show)",Deadline,https://deadline.com/feature/2026-tv-premiere-dates-1236391902/
2026-06-13,June,My Adventures with Superman,English,Show,Adult Swim,"(Adult Swim, Season 3)",Deadline,https://deadline.com/feature/2026-tv-premiere-dates-1236391902/
2026-06-14,June,Masterpiece: Grantchester,English,Show,PBS,"(PBS, Season 11; final season)",Deadline,https://deadline.com/feature/2026-tv-premiere-dates-1236391902/
2026-06-14,June,Patience,English,Show,PBS,"(PBS, Season 2)",Deadline,https://deadline.com/feature/2026-tv-premiere-dates-1236391902/
2026-06-14,June,The Ultimate Fighter,English,Show,Paramount+,"( Paramount+ , Season 34)",Deadline,https://deadline.com/feature/2026-tv-premiere-dates-1236391902/
2026-06-15,June,Little Singles,English,Show,TLC,"(TLC, new docuseries)",Deadline,https://deadline.com/feature/2026-tv-premiere-dates-1236391902/
2026-06-15,June,"Money, Power, Politics with Stephanie Ruhle",English,Show,MS Now,"(MS Now, new news show)",Deadline,https://deadline.com/feature/2026-tv-premiere-dates-1236391902/
2026-06-15,June,On the Line with Alicia Menendez,English,Show,MS Now,"(MS Now, new news show)",Deadline,https://deadline.com/feature/2026-tv-premiere-dates-1236391902/
2026-06-15,June,The 11th Hour with Ali Velshi,English,Show,MS Now,"(MS Now, retitled news and opinion show)",Deadline,https://deadline.com/feature/2026-tv-premiere-dates-1236391902/
2026-06-15,June,The McBee Dynasty,English,Show,Bravo,"(Bravo, Season 3)",Deadline,https://deadline.com/feature/2026-tv-premiere-dates-1236391902/
2026-06-15,June,The Moment with Katy Tur,English,Show,MS Now,"(MS Now, retitled news show)",Deadline,https://deadline.com/feature/2026-tv-premiere-dates-1236391902/
2026-06-16,June,America’s Sweethearts: Dallas Cowboys Cheerleaders,English,Show,Netflix,"(Netflix, Season 3)",Deadline,https://deadline.com/feature/2026-tv-premiere-dates-1236391902/
2026-06-16,June,Lakefront Bargain Hunt Renovation,English,Show,Magnolia,"(Magnolia, Season 6)",Deadline,https://deadline.com/feature/2026-tv-premiere-dates-1236391902/
2026-06-17,June,Never Change!,English,Movie,Hulu / APT Entertainment / All Things Comedy / American High,,Wikipedia,https://en.wikipedia.org/wiki/List_of_American_films_of_2026
2026-06-17,June,Alone,English,Show,History,"(History, Season 13)",Deadline,https://deadline.com/feature/2026-tv-premiere-dates-1236391902/
2026-06-17,June,The Season,English,Show,Hulu,"( Hulu , new drama series)",Deadline,https://deadline.com/feature/2026-tv-premiere-dates-1236391902/
2026-06-18,June,Million Dollar Nannies,English,Show,Freeform,"(Freeform, new unscripted series)",Deadline,https://deadline.com/feature/2026-tv-premiere-dates-1236391902/
2026-06-18,June,The Capture,English,Show,Peacock,"( Peacock , Season 3)",Deadline,https://deadline.com/feature/2026-tv-premiere-dates-1236391902/
2026-06-19,June,Color Book,English,Movie,Netflix,,Wikipedia,https://en.wikipedia.org/wiki/List_of_American_films_of_2026
2026-06-19,June,Finnegan's Foursome,English,Movie,Republic Pictures,,Wikipedia,https://en.wikipedia.org/wiki/List_of_American_films_of_2026
2026-06-19,June,Girls Like Girls,English,Movie,Focus Features / BuzzFeed Studios / Marc Platt Productions,,Wikipedia,https://en.wikipedia.org/wiki/List_of_American_films_of_2026
2026-06-19,June,Maddie's Secret,English,Movie,Magnolia Pictures,,Wikipedia,https://en.wikipedia.org/wiki/List_of_American_films_of_2026
2026-06-19,June,The Death of Robin Hood,English,Movie,A24 / Lyrical Media / RPC,,Wikipedia,https://en.wikipedia.org/wiki/List_of_American_films_of_2026
2026-06-19,June,Toy Story 5,English,Movie,Walt Disney Pictures / Pixar Animation Studios,,Wikipedia,https://en.wikipedia.org/wiki/List_of_American_films_of_2026
2026-06-19,June,Voicemails for Isabelle,English,Movie,Netflix / Escape Artists,,Wikipedia,https://en.wikipedia.org/wiki/List_of_American_films_of_2026
2026-06-19,June,Cocktail 2,Hindi,Movie,"Maddock Films, Luv Films",,Wikipedia,https://en.wikipedia.org/wiki/List_of_Hindi_films_of_2026
2026-06-19,June,Oasis,English,Show,Netflix,"(Netflix, new drama series)",Deadline,https://deadline.com/feature/2026-tv-premiere-dates-1236391902/
2026-06-19,June,Sugar,English,Show,Apple TV,"( Apple TV , Season 2)",Deadline,https://deadline.com/feature/2026-tv-premiere-dates-1236391902/
2026-06-19,June,Thukra Ke Mere Pyar Season 2,Hindi,Show,JioHotstar,Drama,Bollymoviereviewz,https://www.bollymoviereviewz.com/2022/01/upcoming-web-series-netflix-prime-disney-hotstarzee-5-sony-hindi-telugu-tamil-release-dates.html
2026-06-21,June,House of the Dragon,English,Show,HBO,"(HBO, Season 3)",Deadline,https://deadline.com/feature/2026-tv-premiere-dates-1236391902/
2026-06-21,June,The Agency,English,Show,Paramount+,"(Paramount+, Season 2)",Deadline,https://deadline.com/feature/2026-tv-premiere-dates-1236391902/
2026-06-22,June,MHarry Wild,English,Show,Acorn TV,"(Acorn TV, Season 5)",Deadline,https://deadline.com/feature/2026-tv-premiere-dates-1236391902/
2026-06-22,June,Rhythm + Flow: Italy,English,Show,Netflix,"(Netflix, Season 3)",Deadline,https://deadline.com/feature/2026-tv-premiere-dates-1236391902/
2026-06-23,June,Chapter 51,English,Movie,Cineverse,,Wikipedia,https://en.wikipedia.org/wiki/List_of_American_films_of_2026
2026-06-23,June,Love It or List It,English,Show,HGTV,"(HGTV, Season 21)",Deadline,https://deadline.com/feature/2026-tv-premiere-dates-1236391902/
2026-06-23,June,Not Suitable for Work,English,Show,Hulu,"( Hulu , new comedy series)",Deadline,https://deadline.com/feature/2026-tv-premiere-dates-1236391902/
2026-06-24,June,In the Hand of Dante,English,Movie,Netflix / DreamCrew Entertainment,,Wikipedia,https://en.wikipedia.org/wiki/List_of_American_films_of_2026
2026-06-24,June,A Woman of Substance,English,Show,BritBox,"(BritBox, Season 1 of British drama series)",Deadline,https://deadline.com/feature/2026-tv-premiere-dates-1236391902/
2026-06-24,June,Behind the Attraction,English,Show,Disney+,"( Disney+ , Season 3)",Deadline,https://deadline.com/feature/2026-tv-premiere-dates-1236391902/
2026-06-24,June,Next Gen NYC,English,Show,Bravo,"(Bravo, Season 2)",Deadline,https://deadline.com/feature/2026-tv-premiere-dates-1236391902/
2026-06-25,June,Avatar: The Last Airbender,English,Show,Netflix,"(Netflix, Season 2)",Deadline,https://deadline.com/feature/2026-tv-premiere-dates-1236391902/
2026-06-25,June,The Bear,English,Show,FX,"(FX, Season 5; final season)",Deadline,https://deadline.com/feature/2026-tv-premiere-dates-1236391902/
2026-06-26,June,Above the Line,English,Movie,Quiver Distribution,,Wikipedia,https://en.wikipedia.org/wiki/List_of_American_films_of_2026
2026-06-26,June,Camp,English,Movie,Dark Sky Films,,Wikipedia,https://en.wikipedia.org/wiki/List_of_American_films_of_2026
2026-06-26,June,Couture,English,Movie,Vertical / Closer Media,,Wikipedia,https://en.wikipedia.org/wiki/List_of_American_films_of_2026
2026-06-26,June,Jackass: Best and Last,English,Movie,Paramount Pictures / MTV Entertainment Studios,,Wikipedia,https://en.wikipedia.org/wiki/List_of_American_films_of_2026
2026-06-26,June,Jacked,English,Movie,Indican Pictures,,Wikipedia,https://en.wikipedia.org/wiki/List_of_American_films_of_2026
2026-06-26,June,Little Brother,English,Movie,Netflix / The District,,Wikipedia,https://en.wikipedia.org/wiki/List_of_American_films_of_2026
2026-06-26,June,Lucky Strike,English,Movie,Roadside Attractions / Saban Films,,Wikipedia,https://en.wikipedia.org/wiki/List_of_American_films_of_2026
2026-06-26,June,Strung,English,Movie,Peacock / Peachtree & Vine / Blumhouse Productions,,Wikipedia,https://en.wikipedia.org/wiki/List_of_American_films_of_2026
2026-06-26,June,Sugar Beach,English,Movie,Seismic Releasing / Brace Yourself,,Wikipedia,https://en.wikipedia.org/wiki/List_of_American_films_of_2026
2026-06-26,June,Supergirl,English,Movie,Warner Bros. Pictures / DC Studios,,Wikipedia,https://en.wikipedia.org/wiki/List_of_American_films_of_2026
2026-06-26,June,The Invite,English,Movie,A24 / Annapurna Pictures / FilmNation Entertainment,,Wikipedia,https://en.wikipedia.org/wiki/List_of_American_films_of_2026
2026-06-26,June,Welcome To The Jungle,Hindi,Movie,"Star Studio18, Cape of Good Films, Seeta Films, Base Industries Group",,Wikipedia,https://en.wikipedia.org/wiki/List_of_Hindi_films_of_2026
2026-06-26,June,Camp Snoopy,English,Show,Apple TV,"( Apple TV , Season 2)",Deadline,https://deadline.com/feature/2026-tv-premiere-dates-1236391902/
2026-06-26,June,How Not to Draw: Shorts,English,Show,Disney+,"( Disney+ , Season 5)",Deadline,https://deadline.com/feature/2026-tv-premiere-dates-1236391902/
2026-06-26,June,"Life, Larry and the Pursuit of Unhappiness",English,Show,HBO,"(HBO, new comedy limited series)",Deadline,https://deadline.com/feature/2026-tv-premiere-dates-1236391902/
2026-06-29,June,Adventure Time: Side Quests,English,Show,Disney+ / Hulu,"( Disney+ / Hulu , new animated series)",Deadline,https://deadline.com/feature/2026-tv-premiere-dates-1236391902/
2026-06-30,June,Zorro,English,Show,MHz Choice,"(MHz Choice, new drama series)",Deadline,https://deadline.com/feature/2026-tv-premiere-dates-1236391902/
2026-07-01,July,Enola Holmes 3,English,Movie,Netflix / Legendary Pictures,,Wikipedia,https://en.wikipedia.org/wiki/List_of_American_films_of_2026
2026-07-01,July,Minions & Monsters,English,Movie,Universal Pictures / Illumination,,Wikipedia,https://en.wikipedia.org/wiki/List_of_American_films_of_2026
2026-07-01,July,Elle,English,Show,Prime Video,"(Prime Video, new comedy series)",Deadline,https://deadline.com/feature/2026-tv-premiere-dates-1236391902/
2026-07-02,July,Survival of the Thickest,English,Show,Netflix,"(Netflix, Season 3; final season)",Deadline,https://deadline.com/feature/2026-tv-premiere-dates-1236391902/
2026-07-03,July,Swallowtail & Dragonfly,English,Movie,Indican Pictures,,Wikipedia,https://en.wikipedia.org/wiki/List_of_American_films_of_2026
2026-07-03,July,Young Washington,English,Movie,Angel Studios / Wonder Project,,Wikipedia,https://en.wikipedia.org/wiki/List_of_American_films_of_2026
2026-07-03,July,Pritam and Pedro,Hindi,Show,JioHotstar,Drama,Bollymoviereviewz,https://www.bollymoviereviewz.com/2022/01/upcoming-web-series-netflix-prime-disney-hotstarzee-5-sony-hindi-telugu-tamil-release-dates.html
2026-07-05,July,Sparks of Tomorrow,English,Show,Netflix,"(Netflix, new anime series)",Deadline,https://deadline.com/feature/2026-tv-premiere-dates-1236391902/
2026-07-08,July,ER: Cauight on Camera,English,Show,TLC,"(TLC, new docuseries)",Deadline,https://deadline.com/feature/2026-tv-premiere-dates-1236391902/
2026-07-08,July,Trying,English,Show,Apple TV,"( Apple TV , Season 5)",Deadline,https://deadline.com/feature/2026-tv-premiere-dates-1236391902/
2026-07-09,July,Big Brother,English,Show,CBS,"(CBS, Season 28)",Deadline,https://deadline.com/feature/2026-tv-premiere-dates-1236391902/
2026-07-09,July,Big Brother: Unlocked,English,Show,CBS,"(CBS, Season 2)",Deadline,https://deadline.com/feature/2026-tv-premiere-dates-1236391902/
2026-07-09,July,Celebrity Family Feud,English,Show,ABC,"(ABC, Season 12)",Deadline,https://deadline.com/feature/2026-tv-premiere-dates-1236391902/
2026-07-09,July,Press Your Luck,English,Show,ABC,"(ABC, Season 7)",Deadline,https://deadline.com/feature/2026-tv-premiere-dates-1236391902/
2026-07-09,July,Project Runway,English,Show,Freeform,"(Freeform, Season 22)",Deadline,https://deadline.com/feature/2026-tv-premiere-dates-1236391902/
2026-07-09,July,The Real Housewives of Orange County,English,Show,Bravo,"(Bravo, Season 20)",Deadline,https://deadline.com/feature/2026-tv-premiere-dates-1236391902/
2026-07-10,July,Evil Dead Burn,English,Movie,Warner Bros. Pictures / New Line Cinema / Screen Gems / Ghost House Pictures,,Wikipedia,https://en.wikipedia.org/wiki/List_of_American_films_of_2026
2026-07-10,July,Gail Daughtry and the Celebrity Sex Pass,English,Movie,Sony Pictures Classics / Likely Story,,Wikipedia,https://en.wikipedia.org/wiki/List_of_American_films_of_2026
2026-07-10,July,Moana,English,Movie,Walt Disney Pictures / Seven Bucks Productions,,Wikipedia,https://en.wikipedia.org/wiki/List_of_American_films_of_2026
2026-07-10,July,The Isolate Thief,English,Movie,Radial Entertainment / Hideout Pictures,,Wikipedia,https://en.wikipedia.org/wiki/List_of_American_films_of_2026
2026-07-10,July,Alpha,Hindi,Movie,Yash Raj Films,,Wikipedia,https://en.wikipedia.org/wiki/List_of_Hindi_films_of_2026
2026-07-10,July,Mahaprabhu Jagannath,Hindi,Movie,Ele Animations Pvt. Ltd.,,Wikipedia,https://en.wikipedia.org/wiki/List_of_Hindi_films_of_2026
2026-07-12,July,Hooligans: The ARCH Racing Project with Keanu Reeves & Gard Hollinger,English,Show,Samsung TV Plus,"(Samsung TV Plus, new docuseries)",Deadline,https://deadline.com/feature/2026-tv-premiere-dates-1236391902/
2026-07-12,July,The Westies,English,Show,MGM+,"(MGM+, new drama series)",Deadline,https://deadline.com/feature/2026-tv-premiere-dates-1236391902/
2026-07-13,July,All American,English,Show,The CW,"(The CW, Season 8; final season)",Deadline,https://deadline.com/feature/2026-tv-premiere-dates-1236391902/
2026-07-13,July,Dancing with the Stars: The Next Pro,English,Show,ABC,"(ABC, new competition series)",Deadline,https://deadline.com/feature/2026-tv-premiere-dates-1236391902/
2026-07-13,July,Impractical Jokers,English,Show,TBS,"(TBS, Season 13)",Deadline,https://deadline.com/feature/2026-tv-premiere-dates-1236391902/
2026-07-13,July,Silo,English,Show,Apple TV,"( Apple TV , Season 3)",Deadline,https://deadline.com/feature/2026-tv-premiere-dates-1236391902/
2026-07-14,July,Homestead Rescue: Intervention,English,Show,Discovery,"(Discovery, new docuseries)",Deadline,https://deadline.com/feature/2026-tv-premiere-dates-1236391902/
2026-07-14,July,Quarterback,English,Show,Netflix,"(Netflix, Season 3)",Deadline,https://deadline.com/feature/2026-tv-premiere-dates-1236391902/
2026-07-15,July,Lucky,English,Show,Apple TV,"( Apple TV , new drama series)",Deadline,https://deadline.com/feature/2026-tv-premiere-dates-1236391902/
2026-07-15,July,Nation’s Dumbest,English,Show,Fox,"(Fox, new game show series)",Deadline,https://deadline.com/feature/2026-tv-premiere-dates-1236391902/
2026-07-15,July,Ride or Die,English,Show,Prime Video,"(Prime Video, new drama series)",Deadline,https://deadline.com/feature/2026-tv-premiere-dates-1236391902/
2026-07-16,July,The Five-Star Weekend,English,Show,Netflix,"(Netflix, new drama series)",Deadline,https://deadline.com/feature/2026-tv-premiere-dates-1236391902/
2026-07-16,July,The Hawk,English,Show,Netflix,"(Netflix, new comedy series)",Deadline,https://deadline.com/feature/2026-tv-premiere-dates-1236391902/
2026-07-17,July,The Odyssey,English,Movie,Universal Pictures / Syncopy Inc.,,Wikipedia,https://en.wikipedia.org/wiki/List_of_American_films_of_2026
2026-07-17,July,Dhamaal 4,Hindi,Movie,"T-Series Films, Panorama Studios, Devgn Films, Maruti International",,Wikipedia,https://en.wikipedia.org/wiki/List_of_Hindi_films_of_2026
2026-07-20,July,King of the Hill,English,Show,Hulu,"( Hulu , Season 15)",Deadline,https://deadline.com/feature/2026-tv-premiere-dates-1236391902/
2026-07-21,July,Extreme Buyers Club,English,Show,HGTV,"(HGTV, new docuseries)",Deadline,https://deadline.com/feature/2026-tv-premiere-dates-1236391902/
2026-07-22,July,Who Wants to Be a Millionaire,English,Show,ABC,"(ABC, Season 5)",Deadline,https://deadline.com/feature/2026-tv-premiere-dates-1236391902/
2026-07-23,July,Ransom Canyon,English,Show,Netflix,"(Netflix, Season 2)",Deadline,https://deadline.com/feature/2026-tv-premiere-dates-1236391902/
2026-07-23,July,Star Trek: Strange New Worlds,English,Show,Paramount+,"( Paramount+ , Season 5; final season)",Deadline,https://deadline.com/feature/2026-tv-premiere-dates-1236391902/
2026-07-23,July,Stuart Fails to Save the Universe,English,Show,HBO Max,"( HBO Max , new comedy series)",Deadline,https://deadline.com/feature/2026-tv-premiere-dates-1236391902/
2026-07-24,July,72 Hours,English,Movie,Netflix / Sony Pictures / Hartbeat Productions / Davis Entertainment,,Wikipedia,https://en.wikipedia.org/wiki/List_of_American_films_of_2026
2026-07-24,July,Her Private Hell,English,Movie,Neon,,Wikipedia,https://en.wikipedia.org/wiki/List_of_American_films_of_2026
2026-07-24,July,Motor City,English,Movie,Independent Film Company / Stampede Ventures,,Wikipedia,https://en.wikipedia.org/wiki/List_of_American_films_of_2026
2026-07-24,July,The Dink,English,Movie,Apple TV / Apple Original Films / Red Hour Films,,Wikipedia,https://en.wikipedia.org/wiki/List_of_American_films_of_2026
2026-07-24,July,The India Story: Slow Poison in Progress,Hindi,Movie,"Zee Studios, MIG Productions & Studios",,Wikipedia,https://en.wikipedia.org/wiki/List_of_Hindi_films_of_2026
2026-07-24,July,Uttar Da Puttar,Hindi,Movie,Promodome Motion Pictures,,Wikipedia,https://en.wikipedia.org/wiki/List_of_Hindi_films_of_2026
2026-07-24,July,Roast My Rental,English,Show,HGTV,"(HGTV, docuseries)",Deadline,https://deadline.com/feature/2026-tv-premiere-dates-1236391902/
2026-07-26,July,The Walking Dead: Dead City,English,Show,AMC,"(AMC, Season 3)",Deadline,https://deadline.com/feature/2026-tv-premiere-dates-1236391902/
2026-07-29,July,The Ark,English,Show,Syfy,"(Syfy, Season 3)",Deadline,https://deadline.com/feature/2026-tv-premiere-dates-1236391902/
2026-07-31,July,I Want Your Sex,English,Movie,Magnolia Pictures / Black Bear Pictures,,Wikipedia,https://en.wikipedia.org/wiki/List_of_American_films_of_2026
2026-07-31,July,Spider-Man: Brand New Day,English,Movie,Columbia Pictures / Marvel Studios / Pascal Pictures,,Wikipedia,https://en.wikipedia.org/wiki/List_of_American_films_of_2026
2026-07-31,July,Terrestrial,English,Movie,Indican Pictures,,Wikipedia,https://en.wikipedia.org/wiki/List_of_American_films_of_2026
2026-07-31,July,Side Heroes,Hindi,Movie,"Mahaveer Jain Films, Window Seat Films",,Wikipedia,https://en.wikipedia.org/wiki/List_of_Hindi_films_of_2026
2026-07-31,July,Tera Yaar Hoon Main,Hindi,Movie,"Camera Take Films, Mumbai Films, BIK Productions, Enter10 Television",,Wikipedia,https://en.wikipedia.org/wiki/List_of_Hindi_films_of_2026
2026-07-31,July,Fightland,English,Show,Starz,"(Starz, new drama series)",Deadline,https://deadline.com/feature/2026-tv-premiere-dates-1236391902/
2026-08-02,August,The Librarians: The Next Chapter,English,Show,TNT,"(TNT, Season 2)",Deadline,https://deadline.com/feature/2026-tv-premiere-dates-1236391902/
2026-08-03,August,Futurama,English,Show,Hulu,"( Hulu , Season 14)",Deadline,https://deadline.com/feature/2026-tv-premiere-dates-1236391902/
2026-08-05,August,How to Catch a Dirtbag,English,Show,Discovery,"(Discovery, new docuseries)",Deadline,https://deadline.com/feature/2026-tv-premiere-dates-1236391902/
2026-08-05,August,One Hundred Years of Solitude,English,Show,Netflix,"(Netflix, Season 2; final season)",Deadline,https://deadline.com/feature/2026-tv-premiere-dates-1236391902/
2026-08-05,August,Sterling Point,English,Show,Prime Video,"(Prime Video, new drama series)",Deadline,https://deadline.com/feature/2026-tv-premiere-dates-1236391902/
2026-08-05,August,Ted Lasso,English,Show,Apple TV,"( Apple TV , Season 4)",Deadline,https://deadline.com/feature/2026-tv-premiere-dates-1236391902/
2026-08-06,August,Escape from Alcatraz,English,Show,Discovery,"(Discovery, new docuseries; working title)",Deadline,https://deadline.com/feature/2026-tv-premiere-dates-1236391902/
2026-08-07,August,Fall 2,English,Movie,Lionsgate,,Wikipedia,https://en.wikipedia.org/wiki/List_of_American_films_of_2026
2026-08-07,August,Ice Cream Man,English,Movie,Iconic Events,,Wikipedia,https://en.wikipedia.org/wiki/List_of_American_films_of_2026
2026-08-07,August,Late Fame,English,Movie,Magnolia Pictures / Killer Films,,Wikipedia,https://en.wikipedia.org/wiki/List_of_American_films_of_2026
2026-08-07,August,One Night Only,English,Movie,Universal Pictures / Olive Bridge Entertainment,,Wikipedia,https://en.wikipedia.org/wiki/List_of_American_films_of_2026
2026-08-07,August,Super Troopers 3,English,Movie,Searchlight Pictures,,Wikipedia,https://en.wikipedia.org/wiki/List_of_American_films_of_2026
2026-08-07,August,Teenage Sex and Death at Camp Miasma,English,Movie,Mubi / Plan B Entertainment,,Wikipedia,https://en.wikipedia.org/wiki/List_of_American_films_of_2026
2026-08-07,August,The Last House,English,Movie,Netflix / Chernin Entertainment / 3 Arts Entertainment,,Wikipedia,https://en.wikipedia.org/wiki/List_of_American_films_of_2026
2026-08-07,August,Anna Pigeon,English,Show,USA Network,"(USA Network, new drama series)",Deadline,https://deadline.com/feature/2026-tv-premiere-dates-1236391902/
2026-08-09,August,The Real Housewives Ultimate Girls Trip: Roaring 20th,English,Show,Bravo,"(Bravo, new unscripted series)",Deadline,https://deadline.com/feature/2026-tv-premiere-dates-1236391902/
2026-08-11,August,Hard Knocks: Training Camp with the Seattle Seahawks,English,Show,HBO,"(HBO, Season 22)",Deadline,https://deadline.com/feature/2026-tv-premiere-dates-1236391902/
2026-08-12,August,Women in Blue,English,Show,Apple TV,"( Apple TV , Season 2)",Deadline,https://deadline.com/feature/2026-tv-premiere-dates-1236391902/
2026-08-13,August,Batwara 1947,Hindi,Movie,Aamir Khan Productions,,Wikipedia,https://en.wikipedia.org/wiki/List_of_Hindi_films_of_2026
2026-08-13,August,Tires,English,Show,Netflix,"(Netflix, Season 3)",Deadline,https://deadline.com/feature/2026-tv-premiere-dates-1236391902/
2026-08-14,August,Don't Say Good Luck,English,Movie,Netflix / Happy Madison Productions,,Wikipedia,https://en.wikipedia.org/wiki/List_of_American_films_of_2026
2026-08-14,August,Nimrods,English,Movie,Inaugural Entertainment / Live Nation Productions,,Wikipedia,https://en.wikipedia.org/wiki/List_of_American_films_of_2026
2026-08-14,August,The Brink of War,English,Movie,Angel Studios / SK Global,,Wikipedia,https://en.wikipedia.org/wiki/List_of_American_films_of_2026
2026-08-14,August,The End of Oak Street,English,Movie,Warner Bros. Pictures / Bad Robot,,Wikipedia,https://en.wikipedia.org/wiki/List_of_American_films_of_2026
2026-08-14,August,The Rivals of Amziah King,English,Movie,Black Bear Pictures / Heyday Films,,Wikipedia,https://en.wikipedia.org/wiki/List_of_American_films_of_2026
2026-08-14,August,The Wrong Girls,English,Movie,Neon / Point Grey Pictures,,Wikipedia,https://en.wikipedia.org/wiki/List_of_American_films_of_2026
2026-08-14,August,Union County,English,Movie,Oscilloscope Laboratories / Ley Line Entertainment,,Wikipedia,https://en.wikipedia.org/wiki/List_of_American_films_of_2026
2026-08-14,August,Awarapan 2,Hindi,Movie,Vishesh Films,,Wikipedia,https://en.wikipedia.org/wiki/List_of_Hindi_films_of_2026
2026-08-14,August,Maatrubhumi: May War Rest in Peace,Hindi,Movie,"Salman Khan Films, Apoorva Lakhia Films",,Wikipedia,https://en.wikipedia.org/wiki/List_of_Hindi_films_of_2026
2026-08-14,August,Moria,English,Show,Netflix,"(Netflix, new docuseries)",Deadline,https://deadline.com/feature/2026-tv-premiere-dates-1236391902/
2026-08-16,August,Lanterns,English,Show,HBO,"(HBO, new drama series)",Deadline,https://deadline.com/feature/2026-tv-premiere-dates-1236391902/
2026-08-19,August,Untold Stories of the ER,English,Show,TLC,"(TLC, Season 14)",Deadline,https://deadline.com/feature/2026-tv-premiere-dates-1236391902/
2026-08-21,August,Insidious: Out of the Further,English,Movie,Screen Gems / Stage 6 Films / Blumhouse Productions / Atomic Monster,,Wikipedia,https://en.wikipedia.org/wiki/List_of_American_films_of_2026
2026-08-21,August,Mutiny,English,Movie,Lionsgate / MadRiver Pictures / Punch Palace Productions,,Wikipedia,https://en.wikipedia.org/wiki/List_of_American_films_of_2026
2026-08-21,August,The Magic Faraway Tree,English,Movie,Vertical / Neal Street Productions,,Wikipedia,https://en.wikipedia.org/wiki/List_of_American_films_of_2026
2026-08-28,August,Coyote vs. Acme,English,Movie,Ketchup Entertainment / Warner Bros. Pictures / Warner Animation Group,,Wikipedia,https://en.wikipedia.org/wiki/List_of_American_films_of_2026
2026-08-28,August,Idiots,English,Movie,Independent Film Company,,Wikipedia,https://en.wikipedia.org/wiki/List_of_American_films_of_2026
2026-08-28,August,Legend of the White Dragon,English,Movie,Well Go USA Entertainment,,Wikipedia,https://en.wikipedia.org/wiki/List_of_American_films_of_2026
2026-08-28,August,The Dog Stars,English,Movie,20th Century Studios / Scott Free Productions,,Wikipedia,https://en.wikipedia.org/wiki/List_of_American_films_of_2026
2026-08-28,August,The Whisper Man,English,Movie,Netflix / AGBO,,Wikipedia,https://en.wikipedia.org/wiki/List_of_American_films_of_2026
2026-08-28,August,Khosla Ka Ghosla 2,Hindi,Movie,"T-Series Films, Tandav Films",,Wikipedia,https://en.wikipedia.org/wiki/List_of_Hindi_films_of_2026
2026-08-28,August,Vvan – Force of the Forrest,Hindi,Movie,"Balaji Motion Pictures, TVF Motion Pictures, 11:11 Productions",,Wikipedia,https://en.wikipedia.org/wiki/List_of_Hindi_films_of_2026
2026-08-28,August,Dark Matter,English,Show,Apple TV,"( Apple TV , Season 2)",Deadline,https://deadline.com/feature/2026-tv-premiere-dates-1236391902/
2026-09-04,September,Buddy,English,Movie,Roadside Attractions / Saban Films,,Wikipedia,https://en.wikipedia.org/wiki/List_of_American_films_of_2026
2026-09-04,September,By Any Means,English,Movie,Paramount Pictures / Thunder Road,,Wikipedia,https://en.wikipedia.org/wiki/List_of_American_films_of_2026
2026-09-04,September,How to Rob a Bank,English,Movie,Metro-Goldwyn-Mayer / Imagine Entertainment / 87North Productions,,Wikipedia,https://en.wikipedia.org/wiki/List_of_American_films_of_2026
2026-09-04,September,Mayday,English,Movie,Apple TV / Apple Studios / Skydance Media / Maximum Effort,,Wikipedia,https://en.wikipedia.org/wiki/List_of_American_films_of_2026
2026-09-04,September,Spa Weekend,English,Movie,Black Bear Pictures / Team Todd,,Wikipedia,https://en.wikipedia.org/wiki/List_of_American_films_of_2026
2026-09-04,September,Mirzapur,Hindi,Movie,"Amazon MGM Studios, Excel Entertainment",,Wikipedia,https://en.wikipedia.org/wiki/List_of_Hindi_films_of_2026
2026-09-06,September,Masterpiece: Marble Hall Murders,English,Show,PBS,"(PBS, new drama series)",Deadline,https://deadline.com/feature/2026-tv-premiere-dates-1236391902/
2026-09-06,September,Masterpiece: The Marlow Murder Club,English,Show,PBS,"(PBS, Season 3)",Deadline,https://deadline.com/feature/2026-tv-premiere-dates-1236391902/
2026-09-09,September,Tom & Jerry: Forbidden Compass,English,Movie,Viva Pictures / Warner Bros. Animation,,Wikipedia,https://en.wikipedia.org/wiki/List_of_American_films_of_2026
2026-09-11,September,Daniel: The Fiery Furnace,English,Movie,EKKL Entertainment,,Wikipedia,https://en.wikipedia.org/wiki/List_of_American_films_of_2026
2026-09-11,September,Practical Magic 2,English,Movie,Warner Bros. Pictures / Alcon Entertainment / Fortis Films / Blossom Films,,Wikipedia,https://en.wikipedia.org/wiki/List_of_American_films_of_2026
2026-09-11,September,Runner,English,Movie,Angel Studios,,Wikipedia,https://en.wikipedia.org/wiki/List_of_American_films_of_2026
2026-09-11,September,The Uprising,English,Movie,Focus Features / Blumhouse Productions / FilmNation Entertainment,,Wikipedia,https://en.wikipedia.org/wiki/List_of_American_films_of_2026
2026-09-11,September,Udta Teer,Hindi,Movie,"Dharma Productions, Sikhya Entertainment",,Wikipedia,https://en.wikipedia.org/wiki/List_of_Hindi_films_of_2026
2026-09-15,September,A Very Haunted Renovation,English,Show,HGTV,"(HGTV, new docuseries)",Deadline,https://deadline.com/feature/2026-tv-premiere-dates-1236391902/
2026-09-16,September,South Park,English,Show,Comedy Central,"(Comedy Central, Season 29)",Deadline,https://deadline.com/feature/2026-tv-premiere-dates-1236391902/
2026-09-18,September,Best of the Best,English,Movie,Netflix / Rideback,,Wikipedia,https://en.wikipedia.org/wiki/List_of_American_films_of_2026
2026-09-18,September,Resident Evil,English,Movie,Columbia Pictures / Constantin Film / Davis Films / Vertigo Entertainment / PlayStation Productions,,Wikipedia,https://en.wikipedia.org/wiki/List_of_American_films_of_2026
2026-09-18,September,Rolling Loud: The Movie,English,Movie,Ketchup Entertainment / Live Nation Productions / American High,,Wikipedia,https://en.wikipedia.org/wiki/List_of_American_films_of_2026
2026-09-18,September,The Weight,English,Movie,Vertical,,Wikipedia,https://en.wikipedia.org/wiki/List_of_American_films_of_2026
2026-09-18,September,Vibe,Hindi,Movie,"Amazon MGM Studios, Drongo Films",,Wikipedia,https://en.wikipedia.org/wiki/List_of_Hindi_films_of_2026
2026-09-18,September,Scariest House in America,English,Show,HGTV,"(HGTV, Season 3)",Deadline,https://deadline.com/feature/2026-tv-premiere-dates-1236391902/
2026-09-22,September,Bedford Park,English,Movie,Sony Pictures Classics,,Wikipedia,https://en.wikipedia.org/wiki/List_of_American_films_of_2026
2026-09-22,September,House Shock,English,Show,HGTV,"(HGTV, new docuseries)",Deadline,https://deadline.com/feature/2026-tv-premiere-dates-1236391902/
2026-09-25,September,April X,English,Movie,Rialto Pictures / Lavi Star / Redflyingfox,,Wikipedia,https://en.wikipedia.org/wiki/List_of_American_films_of_2026
2026-09-25,September,Charlie Harper,English,Movie,Row K Entertainment / Temple Hill Entertainment,,Wikipedia,https://en.wikipedia.org/wiki/List_of_American_films_of_2026
2026-09-25,September,Forgotten Island,English,Movie,Universal Pictures / DreamWorks Animation,,Wikipedia,https://en.wikipedia.org/wiki/List_of_American_films_of_2026
2026-09-25,September,Heart of the Beast,English,Movie,Paramount Pictures / Plan B Entertainment / Temple Hill Entertainment,,Wikipedia,https://en.wikipedia.org/wiki/List_of_American_films_of_2026
2026-10-01,October,Dhasal,Hindi,Movie,Bioscope Films,,Wikipedia,https://en.wikipedia.org/wiki/List_of_Hindi_films_of_2026
2026-10-01,October,T-178,Hindi,Movie,T-Series Films,,Wikipedia,https://en.wikipedia.org/wiki/List_of_Hindi_films_of_2026
2026-10-02,October,California Schemin',English,Movie,Magenta Light Studios,,Wikipedia,https://en.wikipedia.org/wiki/List_of_American_films_of_2026
2026-10-02,October,Crawlers,English,Movie,Roadside Attractions / Saban Films / Thunder Road Films,,Wikipedia,https://en.wikipedia.org/wiki/List_of_American_films_of_2026
2026-10-02,October,Digger,English,Movie,Warner Bros. Pictures / Legendary Pictures / TC Productions,,Wikipedia,https://en.wikipedia.org/wiki/List_of_American_films_of_2026
2026-10-02,October,Verity,English,Movie,Metro-Goldwyn-Mayer / Shiny Penny Productions,,Wikipedia,https://en.wikipedia.org/wiki/List_of_American_films_of_2026
2026-10-02,October,Drishyam 3,Hindi,Movie,"Star Studio18, Panorama Studios",,Wikipedia,https://en.wikipedia.org/wiki/List_of_Hindi_films_of_2026
2026-10-02,October,Valmiki Ramayana,Hindi,Movie,TBA,,Wikipedia,https://en.wikipedia.org/wiki/List_of_Hindi_films_of_2026
2026-10-06,October,Bass X Machina,English,Show,Netflix,"(Netflix, new adult animated series)",Deadline,https://deadline.com/feature/2026-tv-premiere-dates-1236391902/
2026-10-07,October,Sin City Rehab,English,Show,HGTV,"(HGTV, Season 2)",Deadline,https://deadline.com/feature/2026-tv-premiere-dates-1236391902/
2026-10-09,October,Angel and the Badman,English,Movie,Angel Studios,,Wikipedia,https://en.wikipedia.org/wiki/List_of_American_films_of_2026
2026-10-09,October,Avatar Aang: The Last Airbender,English,Movie,Paramount+ / Paramount Pictures / Paramount Animation / Nickelodeon Movies / Avatar Studios,,Wikipedia,https://en.wikipedia.org/wiki/List_of_American_films_of_2026
2026-10-09,October,Matchbox: The Movie,English,Movie,Apple TV / Apple Studios / Skydance Media / Mattel Studios,,Wikipedia,https://en.wikipedia.org/wiki/List_of_American_films_of_2026
2026-10-09,October,Other Mommy,English,Movie,Universal Pictures / Blumhouse Productions / Atomic Monster,,Wikipedia,https://en.wikipedia.org/wiki/List_of_American_films_of_2026
2026-10-09,October,The Social Reckoning,English,Movie,Columbia Pictures / The Gotham Group / Escape Artists,,Wikipedia,https://en.wikipedia.org/wiki/List_of_American_films_of_2026
2026-10-14,October,VisionQuest,English,Show,Disney+,"( Disney+ , new drama series)",Deadline,https://deadline.com/feature/2026-tv-premiere-dates-1236391902/
2026-10-15,October,Crystal Lake,English,Show,Peacock,"( Peacock , new drama series)",Deadline,https://deadline.com/feature/2026-tv-premiere-dates-1236391902/
2026-10-16,October,Sense and Sensibility,English,Movie,Focus Features / Working Title Films,,Wikipedia,https://en.wikipedia.org/wiki/List_of_American_films_of_2026
2026-10-16,October,Street Fighter,English,Movie,Paramount Pictures / Legendary Pictures / Capcom,,Wikipedia,https://en.wikipedia.org/wiki/List_of_American_films_of_2026
2026-10-16,October,Whalefall,English,Movie,20th Century Studios / Imagine Entertainment / 3 Arts Entertainment,,Wikipedia,https://en.wikipedia.org/wiki/List_of_American_films_of_2026
2026-10-16,October,Raftaar,Hindi,Movie,"Amazon MGM Studios, Kampa Films",,Wikipedia,https://en.wikipedia.org/wiki/List_of_Hindi_films_of_2026
2026-10-21,October,The Terminal List,English,Show,Prime Video,"(Prime Video, Season 2)",Deadline,https://deadline.com/feature/2026-tv-premiere-dates-1236391902/
2026-10-23,October,Clayface,English,Movie,Warner Bros. Pictures / DC Studios / 6th & Idaho Productions,,Wikipedia,https://en.wikipedia.org/wiki/List_of_American_films_of_2026
2026-10-23,October,Klara and the Sun,English,Movie,TriStar Pictures / 3000 Pictures / Heyday Films,,Wikipedia,https://en.wikipedia.org/wiki/List_of_American_films_of_2026
2026-10-23,October,Wife & Dog,English,Movie,Black Bear Pictures,,Wikipedia,https://en.wikipedia.org/wiki/List_of_American_films_of_2026
2026-10-23,October,Wildwood,English,Movie,Fathom Entertainment / Laika,,Wikipedia,https://en.wikipedia.org/wiki/List_of_American_films_of_2026
2026-10-30,October,Ramayana: Part 1,Hindi,Movie,"Prime Focus Studios, Monster Mind Creations",,Wikipedia,https://en.wikipedia.org/wiki/List_of_Hindi_films_of_2026
2026-11-06,November,Archangel,English,Movie,Columbia Pictures / Mandalay Pictures,,Wikipedia,https://en.wikipedia.org/wiki/List_of_American_films_of_2026
2026-11-06,November,Drummer Boy,English,Movie,Angel Studios,,Wikipedia,https://en.wikipedia.org/wiki/List_of_American_films_of_2026
2026-11-06,November,Jimmy,English,Movie,Fathom Entertainment,,Wikipedia,https://en.wikipedia.org/wiki/List_of_American_films_of_2026
2026-11-06,November,The Cat in the Hat,English,Movie,Warner Bros. Pictures / Warner Bros. Pictures Animation,,Wikipedia,https://en.wikipedia.org/wiki/List_of_American_films_of_2026
2026-11-06,November,Lakadbaggha 2: The Monkey Business,Hindi,Movie,First Ray Films,,Wikipedia,https://en.wikipedia.org/wiki/List_of_Hindi_films_of_2026
2026-11-11,November,Off the Scales,English,Show,TLC,"(TLC, new docuseries; working title)",Deadline,https://deadline.com/feature/2026-tv-premiere-dates-1236391902/
2026-11-11,November,The Lord of the Rings: The Rings of Power,English,Show,Prime Video,"(Prime Video, Season 3)",Deadline,https://deadline.com/feature/2026-tv-premiere-dates-1236391902/
2026-11-12,November,The Good Daughter,English,Show,Peacock,"( Peacock , new drama series)",Deadline,https://deadline.com/feature/2026-tv-premiere-dates-1236391902/
2026-11-13,November,Ebenezer: A Christmas Carol,English,Movie,Paramount Pictures,,Wikipedia,https://en.wikipedia.org/wiki/List_of_American_films_of_2026
2026-11-13,November,I Play Rocky,English,Movie,Metro-Goldwyn-Mayer / FilmNation Entertainment,,Wikipedia,https://en.wikipedia.org/wiki/List_of_American_films_of_2026
2026-11-13,November,The Great Beyond,English,Movie,Warner Bros. Pictures / Bad Robot,,Wikipedia,https://en.wikipedia.org/wiki/List_of_American_films_of_2026
2026-11-15,November,The Chosen,English,Show,Prime Video,"(Prime Video, Season 6)",Deadline,https://deadline.com/feature/2026-tv-premiere-dates-1236391902/
2026-11-20,November,The Hunger Games: Sunrise on the Reaping,English,Movie,Lionsgate / Color Force,,Wikipedia,https://en.wikipedia.org/wiki/List_of_American_films_of_2026
2026-11-20,November,Way of the Warrior Kid,English,Movie,Apple TV / Apple Studios / Skydance Media / Wonderland Sound and Vision / FilmNation Entertainment,,Wikipedia,https://en.wikipedia.org/wiki/List_of_American_films_of_2026
2026-11-25,November,Focker-in-Law,English,Movie,Universal Pictures / Paramount Pictures / Tribeca Enterprises / Red Hour Productions,,Wikipedia,https://en.wikipedia.org/wiki/List_of_American_films_of_2026
2026-11-25,November,Hexed,English,Movie,Walt Disney Pictures / Walt Disney Animation Studios,,Wikipedia,https://en.wikipedia.org/wiki/List_of_American_films_of_2026
2026-11-25,November,The Adventures of Cliff Booth,English,Movie,Netflix / Plan B Entertainment / Heyday Films,,Wikipedia,https://en.wikipedia.org/wiki/List_of_American_films_of_2026
2026-11-26,November,Hershey,English,Movie,Angel Studios,,Wikipedia,https://en.wikipedia.org/wiki/List_of_American_films_of_2026
2026-11-26,November,Madden,English,Movie,Amazon MGM Studios / Escape Artists / Skydance Sports,,Wikipedia,https://en.wikipedia.org/wiki/List_of_American_films_of_2026
2026-11-27,November,Yeh Prem Mol Liya,Hindi,Movie,"Rajshri Productions, Mahaveer Jain Films",,Wikipedia,https://en.wikipedia.org/wiki/List_of_Hindi_films_of_2026
2026-12-02,December,The Man with the Bag,English,Movie,Amazon MGM Studios,,Wikipedia,https://en.wikipedia.org/wiki/List_of_American_films_of_2026
2026-12-04,December,Violent Night 2,English,Movie,Universal Pictures / 87North Productions,,Wikipedia,https://en.wikipedia.org/wiki/List_of_American_films_of_2026
2026-12-04,December,Ranger,Hindi,Movie,"Luv Films, Devgn Films, Panorama Studios",,Wikipedia,https://en.wikipedia.org/wiki/List_of_Hindi_films_of_2026
2026-12-04,December,Untitled film,Hindi,Movie,"Sri Venkateswara Creations, Cape of Good Films",,Wikipedia,https://en.wikipedia.org/wiki/List_of_Hindi_films_of_2026
2026-12-18,December,Avengers: Doomsday,English,Movie,Marvel Studios / AGBO,,Wikipedia,https://en.wikipedia.org/wiki/List_of_American_films_of_2026
2026-12-18,December,Dune: Part Three,English,Movie,Warner Bros. Pictures / Legendary Pictures,,Wikipedia,https://en.wikipedia.org/wiki/List_of_American_films_of_2026
2026-12-23,December,The Angry Birds Movie 3,English,Movie,Paramount Pictures / Sega Sammy Group / Rovio Animation / Prime Focus Studios / One Cool Group / Dentsu,,Wikipedia,https://en.wikipedia.org/wiki/List_of_American_films_of_2026
2026-12-24,December,King,Hindi,Movie,"Red Chillies Entertainment, Marflix Pictures",,Wikipedia,https://en.wikipedia.org/wiki/List_of_Hindi_films_of_2026
2026-12-24,December,Shakti Shalini,Hindi,Movie,Maddock Films,,Wikipedia,https://en.wikipedia.org/wiki/List_of_Hindi_films_of_2026
2026-12-25,December,A Place in Hell,English,Movie,Neon / Republic Pictures / MRC / T-Street Productions,,Wikipedia,https://en.wikipedia.org/wiki/List_of_American_films_of_2026
2026-12-25,December,Jumanji: Open World,English,Movie,Columbia Pictures / Seven Bucks Productions,,Wikipedia,https://en.wikipedia.org/wiki/List_of_American_films_of_2026
2026-12-25,December,Mr. Irrelevant: The John Tuggle Story,English,Movie,Paramount Pictures / Skydance Sports,,Wikipedia,https://en.wikipedia.org/wiki/List_of_American_films_of_2026
2026-12-25,December,Nutmeg & Mistletoe,English,Movie,Abyssal Films,,Wikipedia,https://en.wikipedia.org/wiki/List_of_American_films_of_2026
2026-12-25,December,Werwulf,English,Movie,Focus Features / Working Title Films / Maiden Voyage Pictures,,Wikipedia,https://en.wikipedia.org/wiki/List_of_American_films_of_2026
2026-12-25,December,Zero A. D.,English,Movie,Angel Studios,,Wikipedia,https://en.wikipedia.org/wiki/List_of_American_films_of_2026
2026-12-25,December,Harry Potter and the Philosopher’s Stone,English,Show,HBO Max,"(HBO Max, new drama series)",Deadline,https://deadline.com/feature/2026-tv-premiere-dates-1236391902/
